Question,Tickets,Difficulty,Category,Question Text,Correct Answer
1,2,Easy,"Culinary Basics","What does “mise en place” mean?","Everything in its place"
2,2,Easy,"Spirits & Cocktails","Tequila is made from…","Blue agave"
3,2,Easy,"World Cuisine","Pho is a noodle soup most closely associated with which country?","Vietnam"
4,2,Easy,"Beer","What does IPA stand for?","India Pale Ale"
5,2,Easy,"Restaurant & Service","In restaurant inventory, what does FIFO stand for?","First In, First Out"
6,2,Easy,"Ingredients & Food Science","Which rice is famously associated with risotto?","Arborio"
7,2,Easy,"Spirits & Cocktails","Which herb is essential to a classic Mojito?","Mint"
8,2,Easy,"Wine","True Champagne comes from the Champagne region of…","France"
9,4,Medium,"World Cuisine","Classic pesto Genovese is built around which herb?","Basil"
10,2,Easy,"Beer","Which ingredient is especially responsible for bitterness and many aromas in beer?","Hops"
11,2,Easy,"World Cuisine","Schnitzel is best described as…","A thin breaded cutlet"
12,10,Hard,"Culinary Basics","What does “confit” traditionally refer to?","Food slowly cooked and preserved in fat"
13,2,Easy,"Ingredients & Food Science","What legume is the main ingredient in classic hummus?","Chickpeas"
14,2,Easy,"Wine","Why might a wine be decanted?","To expose it to air or separate it from sediment"
15,2,Easy,"Restaurant & Service","If an item is “86’d,” what does that usually mean?","It is unavailable or sold out"
16,4,Medium,"Culinary Basics","What is an emulsion?","A mixture of liquids that normally do not stay combined"
17,4,Medium,"Culinary Basics","What type of foods are most commonly cut using a chiffonade?","Leafy herbs and greens"
18,4,Medium,"Restaurant & Service","What best describes suggestive selling in hospitality?","Offering relevant additions or upgrades that improve the guest experience"
19,2,Easy,"Culinary Basics","What does “julienne” mean in the kitchen?","Cut into thin matchstick-size strips"
20,4,Medium,"Ingredients & Food Science","What gas produced by yeast helps bread dough rise?","Carbon dioxide"
21,4,Medium,"Ingredients & Food Science","Capers are actually…","Pickled flower buds"
22,2,Easy,"Wine","Most of the color in red wine comes from contact with…","Grape skins"
23,4,Medium,"Culinary Basics","Poaching generally cooks food in liquid that is…","Below a full simmer"
24,4,Medium,"Ingredients & Food Science","Cocoa butter is…","The natural fat found in cacao beans"
25,10,Hard,"Spirits & Cocktails","A classic Negroni contains gin, Campari, and…","Sweet vermouth"
26,2,Easy,"Spirits & Cocktails","A Moscow Mule traditionally combines vodka with…","Ginger beer and lime"
27,2,Easy,"Restaurant & Service","What is a “two-top”?","A table set for two guests"
28,2,Easy,"Beer","What does ABV stand for on a beverage label?","Alcohol by volume"
29,2,Easy,"World Cuisine","Poutine traditionally combines fries, gravy, and…","Cheese curds"
30,2,Easy,"World Cuisine","Tzatziki is traditionally made with yogurt and…","Cucumber"
31,4,Medium,"Ingredients & Food Science","Natural vanilla flavor comes from pods produced by what type of plant?","An orchid"
32,4,Medium,"World Cuisine","Ceviche cooks or firms seafood primarily through the action of…","Citrus acid"
33,2,Easy,"Wine","A sommelier is a hospitality professional specializing primarily in…","Wine and beverage service"
34,2,Easy,"Culinary Basics","What does “al dente” mean when describing pasta?","Firm to the bite"
35,4,Medium,"Culinary Basics","Why do cooks deglaze a pan?","To dissolve flavorful browned bits with liquid"
36,2,Easy,"Ingredients & Food Science","Gluten is primarily formed from proteins found in which ingredient?","Wheat flour"
37,10,Hard,"Spirits & Cocktails","A classic Manhattan is built around whiskey, sweet vermouth, and…","Bitters"
38,4,Medium,"World Cuisine","Gumbo is especially associated with the cuisine of which U.S. state?","Louisiana"
39,2,Easy,"Spirits & Cocktails","A classic Old Fashioned is centered on whiskey, sugar, and…","Bitters"
40,4,Medium,"Wine","Which white grape variety is famously made in both oaked and unoaked styles?","Chardonnay"
41,4,Medium,"World Cuisine","Shakshuka most commonly features eggs cooked in…","A spiced tomato and pepper sauce"
42,4,Medium,"Beer","Malted barley primarily provides beer with…","Fermentable sugars"
43,4,Medium,"Culinary Basics","What is “fond” in cooking?","The browned bits left in a pan after searing"
44,2,Easy,"Spirits & Cocktails","If a guest orders whiskey “on the rocks,” they want it…","Served over ice"
45,2,Easy,"Spirits & Cocktails","An Espresso Martini commonly contains vodka, espresso, and…","Coffee liqueur"
46,2,Easy,"Restaurant & Service","What does it mean to pre-bus a table?","Remove finished or unneeded items throughout the meal"
47,2,Easy,"Culinary Basics","Why is meat often allowed to rest after cooking?","To let juices redistribute before slicing"
48,4,Medium,"World Cuisine","A tagine is strongly associated with the cuisine of…","Morocco"
49,4,Medium,"Restaurant & Service","What is a “comp” on a guest check?","An item or charge made complimentary"
50,10,Hard,"Spirits & Cocktails","A classic dry Martini is traditionally made with gin and…","Dry vermouth"
51,2,Easy,"Restaurant & Service","Why do kitchen staff call out “behind” when moving through a tight space?","To warn someone that they are passing behind them"
52,2,Easy,"Spirits & Cocktails","Which spirit is the base of a classic Margarita?","Tequila"
53,2,Easy,"Spirits & Cocktails","Which botanical must be a defining flavor in gin?","Juniper"
54,4,Medium,"Beer","Compared with ales, are lagers traditionally fermented at cooler or warmer temperatures?","Cooler, with lager yeast"
55,2,Easy,"Beer","A stout typically gets much of its dark color and roasted flavor from…","Darkly roasted malt or barley"
56,2,Easy,"Culinary Basics","What kitchen tool is designed to make fast, uniform thin slices?","Mandoline"
57,4,Medium,"Restaurant & Service","In restaurant slang, “on the fly” means an item is needed…","Urgently and as quickly as possible"
58,4,Medium,"Wine","Which white wine is commonly known for bright acidity and citrus or herbal notes?","Sauvignon Blanc"
59,4,Medium,"Restaurant & Service","Why are seat numbers useful in full-service dining?","They help deliver the correct item to the correct guest without auctioning food"
60,2,Easy,"Culinary Basics","What is a roux?","A cooked mixture of fat and flour"
61,2,Easy,"Spirits & Cocktails","Rum is produced from ingredients derived from…","Sugarcane"
62,10,Hard,"Spirits & Cocktails","Bourbon must be made from a grain mixture that is at least 51%…","Corn"
63,4,Medium,"Ingredients & Food Science","What has been removed from clarified butter?","Water and milk solids"
64,4,Medium,"Spirits & Cocktails","An aperitif is generally intended to be enjoyed…","Before a meal"
65,2,Easy,"Beer","In a bar, a beer “flight” is…","A selection of smaller samples"
66,2,Easy,"Culinary Basics","Which taste is best described as savory or deeply meaty?","Umami"
67,4,Medium,"Ingredients & Food Science","What naturally occurring substance helps jams and jellies set?","Pectin"
68,4,Medium,"World Cuisine","Sushi rice is traditionally seasoned with a mixture based on…","Rice vinegar"
69,4,Medium,"World Cuisine","Mole is a family of sauces most closely associated with…","Mexico"
70,2,Easy,"Culinary Basics","What is the main goal of searing food?","Develop a browned, flavorful crust"
71,2,Easy,"World Cuisine","Kimchi is most closely associated with which cuisine?","Korean"
72,4,Medium,"Restaurant & Service","When expo tells the kitchen to “fire” a course, they mean…","Begin cooking or finishing it now"
73,4,Medium,"Restaurant & Service","What is a corkage fee?","A charge associated with a guest bringing their own bottle of wine"
74,4,Medium,"Ingredients & Food Science","Baking soda generally needs what to react and create lift?","An acid"
75,10,Hard,"Restaurant & Service","On a kitchen line, “all day” usually refers to…","The total quantity of an item currently needed across active tickets"
76,2,Easy,"Culinary Basics","Classic mirepoix is made from which three vegetables?","Onion, carrot, celery"
77,4,Medium,"Spirits & Cocktails","A digestif is traditionally served…","After a meal"
78,4,Medium,"Ingredients & Food Science","Ghee is most closely related to which ingredient?","Clarified butter"
79,2,Easy,"World Cuisine","Naan is a type of…","Flatbread"
80,2,Easy,"Restaurant & Service","In restaurant reporting, one “cover” generally represents…","One guest served"
81,4,Medium,"Culinary Basics","What is a salamander in a professional kitchen?","A powerful overhead broiler"
82,4,Medium,"Wine","When a wine is described as “dry,” it usually means it has…","Little perceptible residual sugar"
83,4,Medium,"Culinary Basics","What is a bain-marie?","A hot-water bath used for gentle, even heating"
84,2,Easy,"Ingredients & Food Science","Tahini is made primarily from…","Sesame seeds"
85,4,Medium,"Culinary Basics","What cooking method browns food first, then cooks it slowly with some liquid?","Brown first, then cook slowly with some liquid"
86,2,Easy,"Restaurant & Service","What does “sidework” mean for restaurant associates?","Support tasks outside direct guest service"
87,10,Hard,"Ingredients & Food Science","Saffron comes from which part of a flower?","The stigmas"
88,2,Easy,"Wine","What famous red wine grape is known for blackcurrant character and firm tannins and is a major grape in Bordeaux blends?","Cabernet Sauvignon"
89,4,Medium,"Wine","Tannins in wine are most often experienced as…","A drying or gripping sensation"
90,2,Easy,"World Cuisine","Jerk seasoning and cooking are most closely associated with…","Jamaica"
91,2,Easy,"Spirits & Cocktails","What spirit is generally distilled toward a relatively neutral flavor profile?","A relatively neutral spirit"
92,2,Easy,"Ingredients & Food Science","Which cheese is traditionally used in tiramisu?","Mascarpone"
93,4,Medium,"Culinary Basics","What does it mean to blanch a vegetable?","Briefly boil it, then cool it quickly"
94,4,Medium,"Culinary Basics","What is “carryover cooking”?","Food continuing to cook after it leaves the heat"
95,2,Easy,"Restaurant & Service","What does the kitchen callout “corner” communicate?","Someone is approaching or coming around a blind corner"
96,2,Easy,"Spirits & Cocktails","If a guest orders a spirit “neat,” how is it served?","Without ice or a mixer"
97,4,Medium,"Beer","Pilsner is a style within which broad beer family?","Lager"
98,10,Hard,"Ingredients & Food Science","What happens when cornstarch thickens a hot liquid?","The starch granules swell and gelatinize"
99,4,Medium,"Wine","Pinot Noir is generally considered a…","Red grape variety"
100,2,Easy,"World Cuisine","Paella originated in which country?","Spain"